,ticker
0,AAPL
1,XOM
2,IBM
3,PG
4,CVX
5,PFE
6,JNJ
7,T
8,JPM
9,MSFT
10,KO
11,GOOGL
12,CSCO
13,CMCSA
14,INCO
15,MCD
16,BRK_B
17,LPRAX
18,UTX
19,WFC
20,GILD
21,COP
22,PM
23,MMM
24,VZ
25,AEC
26,C
27,EBAY
28,MRK
29,UPS
30,BAC
31,BA
32,WMT
33,MA
34,PEP
35,MON
36,ORCL
37,KTF
38,QCOM
39,F
40,DUK
41,EMC
42,SPG
43,HD
44,ACN
45,DIS
46,MDT
47,HPQ
48,SLB
49,COST
50,AMZN
51,APC
52,V
53,NKE
54,SBUX
55,LOW
56,AMGN
57,MET
58,BAX
59,TXN
60,MO
61,DOW
62,CVS
63,KMB
64,HAL
65,BMY
66,EOG
67,UNP
68,TJX
69,D
70,ABBV
71,BK
72,GS
73,YUM
74,BLK
75,USB
76,COP
77,OXY
78,COF
79,GIS
80,NWSA
81,FCX
82,ALD
83,AMT
84,UNH
85,ETN
86,VIAB
87,AIG
88,PRU
89,TMO
90,CAT
91,WMB
92,LLY
93,ITW
94,CSX
95,ABT
96,AFL
97,NSC
98,TWX
99,CRM
100,CL
101,MRO
102,ALL
103,GD
104,KHC
105,CTSH
106,CB
107,CELG
108,DFS
109,ESRX
110,PSA
111,VTR
112,ECL
113,DD
114,DELL
115,BIIB
116,BEN
117,TGT
118,IP
119,SE
120,PSX
121,CMI
122,CCI
123,ISRG
124,SCHW
125,PPG
126,WAG
127,CME
128,SO
129,S
130,EMR
131,BDX
132,BRCM
133,APD
134,SRE
135,ALXN
136,PCAR
137,DHR
138,HCN
139,PNC
140,FE
141,WM
142,AGN
143,AMAT
144,PCLN
145,CAM
146,K
147,STI
148,DE
149,OMC
150,PX
151,EL
152,NEE
153,LO
154,AMP
155,DTV
156,TYC
157,MHFI
158,BBBY
159,SHW
160,AZO
161,FITB
162,TRV
163,ADI
164,ADP
165,VNO
166,COH
167,KRFT
168,ESV
169,ES
170,APA
171,L
172,ROST
173,NOV
174,GWW
175,MS
176,CTXS
177,MPC
178,DG
179,EXC
180,SWK
181,ZBH
182,FDX
183,HST
184,TW
185,MTZ
186,HOG
187,PCP
188,ICE
189,ABC
190,DTE
191,CBS
192,RF
193,STT
194,MYL
195,LMT
196,STJ
197,ORLY
198,ALTR
199,VLO
200,HIG
201,MCK
202,ETR
203,LIFE
204,KMI
205,DLTR
206,LB
207,SJM
208,CHK
209,LYB
210,NFLX
211,JCI
212,MU
213,BEAM
214,AEP
215,XLNX
216,LUV
217,NE
218,DPS
219,NYX
220,EW
221,WHR
222,HCP
223,SLM
224,ADM
225,ADSK
226,KEY
227,CTL
228,AVP
229,LLTC
230,BBT
231,KLAC
232,ADBE
233,COL
234,WU
235,DVN
236,FLS
237,WAT
238,HES
239,LUK
240,AES
241,BCR
242,MMC
243,PLL
244,NEM
245,CSC
246,NBL
247,NWL
248,SYY
249,JEC
250,LLL
251,STZ
252,BHI
253,VRSN
254,BLL
255,TSN
256,ANTM
257,DNR
258,PHM
259,GLW
260,DHI
261,PCG
262,SCG
263,LRCX
264,TROW
265,VMC
266,DISCA
267,DRI
268,AON
269,PETM
270,HP
271,RTN
272,PNW
273,SYK
274,SWY
275,AKAM
276,HBAN
277,PWR
278,PLD
279,BMC
280,INTU
281,BTU
282,PPL
283,FDO
284,TMK
285,SNI
286,IPG
287,EA
288,ED
289,HRS
290,XYL
291,CI
292,HAS
293,THC
294,MSI
295,POM
296,LEG
297,EQR
298,SNA
299,TEL
300,NBR
301,PEG
302,SEE
303,KR
304,AIV
305,RDC
306,WY
307,OI
308,SYMC
309,URBN
310,AET
311,BMS
312,NOC
313,LDOS
314,M
315,NDAQ
316,MOS
317,LSI
318,PXD
319,LM
320,EIX
321,ANF
322,AIZ
323,DNB
324,JBL
325,MJN
326,CVC
327,WPX
328,PDCO
329,UNS
330,BXP
331,GT
332,GHC
333,CCL
334,AN
335,IR
336,FSLR
337,MAT
338,AMD
339,WFM
340,CAG
341,VFC
342,NUE
343,A
344,XEL
345,AVB
346,RAI
347,COG
348,CAH
349,PGR
350,CERN
351,FAST
352,PH
353,SNDK
354,RRC
355,HSY
356,SWN
357,DLPH
358,FTI
359,IVZ
360,DOV
361,ROP
362,HOT
363,NTAP
364,GPC
365,ROK
366,CF
367,APH
368,NTRS
369,FISV
370,STX
371,FIS
372,CLX
373,MUR
374,ADT
375,PAYX
376,HUM
377,WDC
378,PNR
379,BF_B
380,FLR
381,EMN
382,BSX
383,XRX
384,GPS
385,PRGO
386,MCO
387,RL
388,MAR
389,CNP
390,EQT
391,CMG
392,DVA
393,WYNN
394,WEC
395,RSG
396,OKE
397,RHT
398,KSS
399,MKC
400,TDC
401,CCE
402,CHRW
403,JNPR
404,KMX
405,PFG
406,SIAL
407,SRCL
408,KIM
409,NI
410,AA
411,SPLS
412,DGX
413,BWA
414,XL
415,FRX
416,LNC
417,WYN
418,NRG
419,AEE
420,PCL
421,LH
422,CA
423,PVH
424,TIF
425,JWN
426,CPB
427,TXT
428,TSO
429,NVDA
430,HRB
431,FMC
432,VAR
433,CFN
434,CBG
435,CNX
436,TAP
437,UNM
438,CMS
439,EXPD
440,MAS
441,MCHP
442,FFIV
443,EFX
444,CINF
445,MNST
446,LEN
447,ARG
448,CMA
449,MWV
450,JOY
451,IFF
452,IRM
453,XRAY
454,BBY
455,TRIP
456,QEP
457,EXPE
458,HRL
459,HSP
460,RHI
461,FOSL
462,TGNA
463,GAS
464,GNW
465,DO
466,WIN
467,CTAS
468,ZION
469,TEG
470,PBCT
471,IGT
472,AVY
473,HCBK
474,MOLX
475,TSS
476,FTR
477,PKI
478,FLIR
479,TE
480,GRMN
481,ATI
482,GME
483,DF
484,TER
485,R
486,ETFC
487,NFX
488,HAR
489,PBI
490,CLF
491,X
492,FHN
493,JCP
494,APOL
495,COV
496,REGN
497,KSU
498,MAC
499,GM
500,ZTS
501,FOXA
502,NWSA
503,NLSN
504,DAL
505,VRTX
506,AME
507,A
508,RIG
509,KORS
510,FB
511,ADS
512,GGP
513,MHK
514,ALLE
515,TSCO
516,AAPL
517,GE
518,WFC
519,QCOM
520,SLB
521,V
522,FB
523,AXP
524,AIG
525,HON
526,MET
527,MDLZ
528,ESRX
529,LMT
530,APC
531,PRU
532,TWC
533,AGN
534,FCX
535,SCHW
536,RTN
537,TRV
538,AFL
539,DFS
540,NOC
541,MPC
542,CME
543,MTB
544,RF
545,GMCR
546,L
547,UNM
548,THC
549,GOOG
550,ESS
551,GOOG
552,INTC
553,TWX
554,ADM
555,AVGO
556,UAA
557,NAVI
558,X
559,MOS
560,XEC
561,AMG
562,MLM
563,MNK
564,DISCK
565,URI
566,UHS
567,YHOO
568,ACE
569,WLP
570,ZMH
571,NU
572,BF_B
573,LVLT
574,UA
575,USD
576,GCI
577,UBSFY
578,WBA
579,RCL
580,HCA
581,ENDP
582,AAL
583,SWKS
584,HBI
585,EQIX
586,SLG
587,HSIC
588,BF_B
589,O
590,QRVO
591,JBHT
592,BLD
593,CC
594,KHC
595,PYPL
596,BXLT
597,WRK
598,AAP
599,SIG
600,CPGX
601,ATVI
602,CMCSK
603,UAL
604,FOX
605,NWS
606,VRSK
607,HPE
608,ILMN
609,SYF
610,CSRA
611,SYF
612,CHD
613,WLTW
614,CFG
615,EXR
616,FRT
617,CXO
618,AWK
619,CNC
620,UDR
621,HOLX
622,SPGI
623,ULTA
624,GPN
625,FL
626,UAA
627,DLR
628,AYI
629,LKQ
630,AJG
631,ALK
632,TDG
633,LNT
634,FBHS
635,ALB
636,FTV
637,CHTR
638,MTD
639,COO
640,COTY
641,ARNC
642,MAA
643,EVHC
644,IDXX
645,INCY
646,CBOE
647,DISH
648,SNPS
649,ARE
650,RJF
651,REG
652,DXC
653,IT
654,INFO
655,HLT
656,ALGN
657,RE
658,ANSS
659,MGM
660,BHGE
661,RMD
662,PKG
663,DRE
664,AOS
665,BTI
666,SBAC
667,ANDV
668,Q
669,BHF
670,DWDP
671,CDNS
672,TPR
673,NCLH
674,IQV
675,APTV
676,HII
